timestamp,query,entropy,local_confidence,route_used,is_correct,user_feedback,execution_time
2025-06-03T09:58:39.516419,"I need to break down this task into smaller, manageable sub-tasks.

Task: да, согласен, я так и рабо",0.0,unknown,external,True,,53.11902329104487
2025-06-03T09:58:48.891949,"I need to synthesize the results from executing a complex task plan.

Original Task: да, согласен, я",0.0,unknown,external,True,,9.376247750013135
2025-06-03T10:25:40.130519,"I need to break down this task into smaller, manageable sub-tasks.

Task: согласен. но пока не могу ",0.0,unknown,external,True,,13.693782665999606
2025-06-03T10:25:50.855214,"I need to synthesize the results from executing a complex task plan.

Original Task: согласен. но по",0.0,unknown,external,True,,10.725925875012763
2025-06-03T11:00:02.599919,привет. как дела ? я Игорь.,0.5,medium,local,False,,15.21410904196091
2025-06-03T11:00:34.563010,чем занимаешься ?,0.5,medium,local,True,,12.22915433300659
2025-06-03T11:02:16.248200,"хорошо, расскажи тогда про квантовую запутанность",0.5,medium,local,True,,48.60984000004828
2025-06-03T11:03:12.162644,а как это работает ?,0.5,medium,local,True,,15.33464879100211
2025-06-03T11:04:21.837439,но как это работает ? откуда одна частица может знать состояние другой ?,0.5,medium,local,True,,15.757219666964374
2025-06-03T11:05:47.942990,"вроде бы, согласно ОТО, информация не может передаваться мгновенно, её максимальная скорость это ско",0.5,medium,local,True,,22.6479779999936
2025-06-03T11:07:01.048923,"и как это возможно ? почему так происходит ? может, есть еще и другие исключения ?",0.5,medium,local,True,,33.97942749992944
2025-06-03T11:35:45.745432,привет. как дела ? я Игорь.,0.8,high,local,True,,58.00071374990512
2025-06-03T11:36:07.684810,как тебя зовут ?,0.8,high,local,True,,11.75735558301676
2025-06-03T11:37:08.763155,Ок. расскажи мне про принцип реактивного движения,0.8,high,local,True,,22.011151875020005
2025-06-03T11:38:40.507425,А как это происходит ? Почему при сгорании создается подъемная сила ?,0.8,high,local,True,,16.69759541610256
2025-06-03T11:39:35.752225,а какие бывают виды ракетного топлива ?,0.8,high,local,True,,15.871691041975282
2025-06-03T11:40:42.111674,"ты ответила на английском, я ничего не понял.",0.8,high,local,True,,25.03770183294546
2025-06-03T11:41:57.026185,"хорошо, а для жидкого топлива какие еспользуются химические элементы ?",0.5,medium,local,True,,33.291553417104296
2025-06-03T11:42:48.487371,"я слышал, есть еще двигатели на метане ?",0.5,medium,local,False,,26.159638709039427
2025-06-03T11:44:03.515910,выдай мне все известные химические составляющие которые используются для ракетного топлива обоих вид,0.8,high,local,True,,24.491351207951084
2025-06-03T11:49:43.226415,привет,0.8,high,local,False,,9.279121916973963
2025-06-03T11:50:03.488689,ты кто ? я Игорь,0.8,high,local,True,,10.436502208001912
2025-06-03T11:50:43.964342,расскажи как устроен двигатель Стерлинга,0.0,unknown,external,True,,16.719894999987446
2025-06-03T11:51:55.116060,"а что такое ""тепловой двигатель"", в целом ?",0.2,low,local,False,,30.208556250086986
2025-06-03T11:52:48.246444,какие бывают типы тепловых двигателей ?,0.8,high,local,True,,15.33443487493787
2025-06-03T11:53:31.585210,а разве солнечный двигатель считается тепловым ?,0.8,high,local,True,,15.363922458025627
2025-06-03T11:54:05.786884,а как он устроен ? какой принцип работы ?,0.5,medium,local,True,,17.630978583008982
2025-06-03T12:23:10.590319,привет. как дела ? я Игорь.,0.0,unknown,external,True,,15.208877958008088
2025-06-03T12:23:42.161422,У меня тоже все хорошо. Тебя как зовут ?,0.2,low,local,False,,10.214872624957934
2025-06-03T12:24:42.716238,расскажи мне какие бывают типы тепловых двигателей,0.8,high,local,True,,18.019938624929637
2025-06-03T12:25:34.745132,а что такое солнечный двигатель ?,0.0,unknown,external,True,,18.454026625026017
2025-06-03T12:26:21.518638,а что такое Сфера Дайсона ?,0.2,low,local,False,,16.41561945900321
2025-06-03T12:27:45.725076,А сейчас возможно её построить ?,0.8,high,local,True,,22.99893800006248
2025-06-03T12:33:42.626670,привет. как дела ? я Игорь.,0.0,unknown,external,True,,16.13245095894672
2025-06-03T12:34:16.359511,что такое Сфера Дайсона?,0.5,medium,local,False,,29.26961154199671
2025-06-03T12:34:42.599682,А сейчас возможно её построить?,0.5,medium,local,True,,21.55005333304871
2025-06-03T12:36:28.144161,привет. как дела ? Я Игорь,0.0,unknown,external,True,,16.214235207997262
2025-06-03T12:37:23.283810,"у меня все хорошо. вот интересно, возможно-ли построить Сферу Дайсона ?",0.5,medium,local,True,,20.101616165949963
2025-06-03T12:37:56.283364,а почему ?,0.5,medium,local,True,,18.809233875013888
2025-06-03T12:38:55.324606,а в чем именно сложности ?,0.2,low,local,False,,32.143593458109535
2025-06-03T12:40:07.402549,"это я понял, но в чем именно сложность ? техническая ? финансовая ?",0.5,medium,local,True,,35.2519702919526
2025-06-03T12:41:31.143891,"хорошо, а что-то попроще сделать можно, на текущем уровне развития технологий ?",0.5,medium,local,True,,29.411381291924044
2025-06-03T12:42:27.407600,"хорошо, какие есть альтернативы, которые можно было бы построить с использованием текущих технологий",0.8,high,local,True,,18.251874665962532
2025-06-03T12:43:19.077543,"ты ответила на английском, я не понял",0.8,high,local,True,,19.73180683294777
